player,club,top100_owners,top100_captains,event_points,owned_by_me
Ødegaard,ARS,94,86,11,false
Calafiori,ARS,57,0,9,true
Haaland,MCI,52,0,0,true
White,ARS,51,13,11,false
João Pedro,CHE,49,0,0,true
B.Fernandes,MUN,46,0,0,true
Mbeumo,MUN,39,0,0,true
Saka,ARS,36,1,9,false
Isak,LIV,25,0,0,false
Virgil,LIV,24,0,0,false
Szoboszlai,LIV,23,0,0,false
Raya,ARS,22,0,6,false
Shaw,MUN,22,0,0,false
Calvert-Lewin,LEE,21,0,0,false
O'Reilly,MCI,21,0,0,true
Semenyo,MCI,21,0,0,false
van Ewijk,COV,20,0,1,false
Lammens,MUN,20,0,0,false
Thiago,BRE,20,0,0,false
Maguire,MUN,19,0,0,false
Verbruggen,BHA,18,0,0,true
Pickford,EVE,16,0,0,false
Watkins,AVL,16,0,0,false
Thomas,COV,15,0,3,false
Dubravka,TOT,15,0,0,true
James,CHE,15,0,0,false
Pedro Porro,TOT,15,0,0,false
Tzolis,ARS,14,0,6,false
Palmer,CHE,14,0,0,false
Havertz,ARS,13,0,6,false
Gabriel,ARS,13,0,5,false
A.Becker,LIV,13,0,0,false
Rogers,CHE,13,0,0,false
Gibbs-White,NFO,12,0,0,false
Richarlison,TOT,12,0,0,false
Diop,IPS,11,0,0,true
Donnarumma,MCI,11,0,0,false
Konsa,ARS,11,0,0,false
Senesi,TOT,11,0,0,false
Onyeka,COV,10,0,2,false
Thomas-Asante,COV,10,0,2,false
Kinsky,TOT,10,0,0,false
Muñoz,CRY,10,0,0,false
Tarkowski,EVE,10,0,0,false
Grimes,COV,9,0,2,false
Tchaouna,COV,9,0,2,false
Lacroix,CHE,9,0,0,false
Roefs,SUN,9,0,0,false
Simms,COV,8,0,2,false
Rushworth,COV,8,0,1,false
Brobbey,SUN,8,0,0,true
Cunha,MUN,8,0,0,false
Kelleher,BRE,8,0,0,false
Mateta,CRY,8,0,0,false
N.Williams,NFO,8,0,0,false
Van Hecke,TOT,8,0,0,false
Wirtz,LIV,8,0,0,false
Evanilson,BOU,7,0,0,false
Ndiaye,EVE,7,0,0,false
Sarr,CRY,7,0,0,false
Enzo,CHE,6,0,0,false
Guéhi,MCI,6,0,0,false
Rayan,BOU,6,0,0,false
Anderson,MCI,5,0,0,false
Ballard,SUN,5,0,0,false
Cash,AVL,5,0,0,false
Frimpong,LIV,5,0,0,false
Gakpo,LIV,5,0,0,false
Gvardiol,MCI,5,0,0,false
Henderson,CRY,5,0,0,false
Hughes,CRY,5,0,0,true
Igor Jesus,NFO,5,0,0,false
Martinez,AVL,5,0,0,false
Mukiele,SUN,5,0,0,false
Petrović,BOU,5,0,0,false
Trafford,LEE,5,0,0,false
Wilson,LEE,5,0,0,false
Awoniyi,COV,4,0,1,false
Ajer,BRE,4,0,0,false
Austin,TOT,4,0,0,false
Beto,EVE,4,0,0,false
Davis,IPS,4,0,0,false
E.Le Fée,SUN,4,0,0,false
Foden,MCI,4,0,0,false
Groß,BHA,4,0,0,true
Hume,SUN,4,0,0,false
Kusi-Asare,FUL,4,0,0,false
McBurnie,HUL,4,0,0,false
Mendy,HUL,4,0,0,false
Palmer,IPS,4,0,0,false
Rúben,MCI,4,0,0,false
Sánchez,CHE,4,0,0,false
Tonali,TOT,4,0,0,false
Truffert,BOU,4,0,0,false
Hamer,COV,3,0,1,false
Aina,NFO,3,0,0,false
Bobb,FUL,3,0,0,false
Buendía,AVL,3,0,0,false
Dalot,MUN,3,0,0,false
Egan,HUL,3,0,0,false
Gomez,BHA,3,0,0,false
Gonzalo,FUL,3,0,0,false
Hall,NEW,3,0,0,false
Maatsen,AVL,3,0,0,false
Martinez,MUN,3,0,0,false
McGinn,AVL,3,0,0,false
Mitchell,CRY,3,0,0,false
Muniz,FUL,3,0,0,false
O'Nien,SUN,3,0,0,false
Palestra,CHE,3,0,0,false
Steele,BHA,3,0,0,false
Thiaw,NEW,3,0,0,false
Torp,COV,2,0,1,false
Yirenkyi,COV,2,0,1,false
Andrey Santos,MUN,2,0,0,false
Barry,EVE,2,0,0,false
Berge,FUL,2,0,0,false
Branthwaite,EVE,2,0,0,false
Burn,NEW,2,0,0,false
Cherki,MCI,2,0,0,true
Collins,BRE,2,0,0,false
Dewsbury-Hall,EVE,2,0,0,false
Diomande,NFO,2,0,0,false
Dorgu,MUN,2,0,0,false
Dovin,COV,2,0,0,false
Dunk,BHA,2,0,0,false
Elanga,NEW,2,0,0,false
Emersonn,IPS,2,0,0,false
F.Kadıoğlu,BHA,2,0,0,false
Georginio,BHA,2,0,0,false
Gusto,CHE,2,0,0,false
Hill,BOU,2,0,0,false
Hinshelwood,BHA,2,0,0,false
Jacquet,LIV,2,0,0,false
Kayode,BRE,2,0,0,false
Keane,EVE,2,0,0,false
Kerkez,LIV,2,0,0,false
Leno,FUL,2,0,0,false
Lindelöf,AVL,2,0,0,false
Mac Allister,LIV,2,0,0,false
Mason-Clark,COV,2,0,0,false
Matheus N.,MCI,2,0,0,false
Matthews,CRY,2,0,0,false
M.Sangaré,BRE,2,0,0,false
Mudryk,CHE,2,0,0,false
Murillo,NFO,2,0,0,false
Mykolenko,EVE,2,0,0,false
Neave,NEW,2,0,0,false
Neto,CHE,2,0,0,false
N.Jackson,CHE,2,0,0,false
Pau,AVL,2,0,0,false
Pope,NEW,2,0,0,false
Quenda,CHE,2,0,0,false
Robertson,TOT,2,0,0,false
Robinson,FUL,2,0,0,false
Sakamoto,COV,2,0,0,false
Sels,NFO,2,0,0,false
Sessegnon,FUL,2,0,0,false
Slater,HUL,2,0,0,false
Strand Larsen,CRY,2,0,0,false
Tavernier,BOU,2,0,0,false
Tel,TOT,2,0,0,false
Van de Ven,TOT,2,0,0,false
Woltemade,NEW,2,0,0,false
Wood,NFO,2,0,0,false
Xhaka,SUN,2,0,0,false
Dasilva,COV,1,0,1,false
Rudoni,COV,1,0,1,false
Aït-Nouri,MCI,1,0,0,false
Ajayi,HUL,1,0,0,false
Alderete,SUN,1,0,0,false
Al-Hamadi,IPS,1,0,0,false
Amad,MUN,1,0,0,false
Ampadu,LEE,1,0,0,false
Ayari,BHA,1,0,0,false
Bruno G.,ARS,1,0,0,false
Colwill,CHE,1,0,0,false
Coyle,HUL,1,0,0,false
David,BHA,1,0,0,false
Davies,TOT,1,0,0,false
Delap,CHE,1,0,0,false
Doku,MCI,1,0,0,false
Dominguez,NFO,1,0,0,false
Enciso,IPS,1,0,0,false
Garnacho,AVL,1,0,0,false
Hirst,IPS,1,0,0,false
Horníček,NEW,1,0,0,false
I.Sangaré,NFO,1,0,0,false
Isidor,SUN,1,0,0,false
Iwobi,FUL,1,0,0,false
J.Ramsey,NEW,1,0,0,false
Kesler-Hayden,COV,1,0,0,false
Khusanov,MCI,1,0,0,false
Kitching,COV,1,0,0,false
Kluivert,BOU,1,0,0,false
Lecomte,FUL,1,0,0,false
Longstaff,LEE,1,0,0,false
Maddison,TOT,1,0,0,false
Mazraoui,MUN,1,0,0,false
McAteer,IPS,1,0,0,false
Meunier,SUN,1,0,0,false
Milenković,NFO,1,0,0,false
Moore,TOT,1,0,0,false
Muharemović,LEE,1,0,0,false
Ngumoha,LIV,1,0,0,false
O.Dango,BRE,1,0,0,false
Olusesi,TOT,1,0,0,false
Ömür,HUL,1,0,0,false
O'Shea,IPS,1,0,0,false
Osula,NEW,1,0,0,false
Ouattara,IPS,1,0,0,false
P.M.Sarr,TOT,1,0,0,false
Ramsay,LIV,1,0,0,false
Rodon,LEE,1,0,0,false
Röhl,EVE,1,0,0,false
Sanchez,BOU,1,0,0,false
Savinho,MCI,1,0,0,false
Schade,BRE,1,0,0,false
Schär,NEW,1,0,0,false
Scherpen,IPS,1,0,0,false
Scott,BOU,1,0,0,false
Tielemans,MUN,1,0,0,false
Tzolakis,HUL,1,0,0,false
Udogie,TOT,1,0,0,false
Valdimarsson,BRE,1,0,0,false
Vuskovic,BHA,1,0,0,false
Welbeck,CHE,1,0,0,false
Wissa,NEW,1,0,0,false
Yoro,MUN,1,0,0,false